{
  "card": {
    "cardBgColor": {
      "label": "สี card",
      "type": "color",
      "value": "#FFFFFF"
    },
    "cardTextColor": {
      "label": "สีตัวอักษรใน card",
      "type": "color",
      "value": "#000"
    }
  },
  "menu": {
    "activeMenuColor": {
      "label": "สีตอนกดปุ่ม menu",
      "type": "color",
      "value": "#9155FD"
    },
    "bgColor": {
      "label": "สีพื้นหลัง Background ด้านนอก",
      "type": "color",
      "value": "#28243D"
    },
    "bgColorIner": {
      "label": "สีพื้นหลัง Background ด้านใน",
      "type": "color",
      "value": "#FFFFFF"
    },
    "navberColor": {
      "label": "สีพื้นหลัง navber ข้างบน",
      "type": "color",
      "value": "#FFFFFF"
    },
    "sidebarColor": {
      "label": "สีพื้นหลัง sidebar ด้านข้าง",
      "type": "color",
      "value": "#FFFFFF"
    },
    "textColor": {
      "label": "สีตัวอักษรเว้ปไซต์",
      "type": "color",
      "value": "#000"
    },
    "textColor_withIcon": {
      "label": "สีตัวอักษรเมนูและไอคอน",
      "type": "color",
      "value": "#000"
    }
  },
  "table": {

    "colorTable": {
      "label": "สีหัวตาราง",
      "type": "color",
      "value": "#linear-gradient(#722bbb 0%, #9c64d7 100%);"
    },
    "colorTextTable": {
      "label": "สีตัวอักษรหัวตาราง",
      "type": "color",
      "value": "#000"
    }
  }
}
